iter	RMSE
0	13.28959893
1	10.25404144
2	8.400022534
3	11.99233582
4	8.713324142
5	6.738331169
6	10.14976272
7	6.595361932
8	4.587003544
9	12.59171351
10	8.914673403
11	6.861307517
12	11.05085558
13	7.179378385
14	5.043233302
15	8.874969183
16	4.859725913
17	2.932935776
18	11.88775874
19	7.387281859
20	5.364008504
21	10.06727198
22	5.515739831
23	3.53039599
24	7.557281328
25	3.374575033
26	1.748029598
